name,m1,m2,m3,m4,m5
s1,86.67520206324355,57.40718524720757,27.214234703440898,74.01397344069761,93.31777978818403
s2,96.33428957648553,99.0489275500566,60.47191297475448,19.63153961643598,67.23940444325254