name,m1,m2,m3,m4,m5
s1,68.44304287435085,37.94624558747959,9.281588889090086,8.521810038802125,96.29087575244424
s2,43.572413671866116,44.923917460067344,85.77302633449816,24.5787440824194,3.7977403239594087