name,m1,m2,m3,m4,m5
s1,77.55715277273664,69.80571383934638,67.07160060562617,78.25311536350908,96.5910879576698
s2,81.96324711083531,96.47924096874887,93.9315516505592,4.876125697207156,66.03979891997463