name,m1,m2,m3,m4,m5
s1,95.85241997278057,93.1313374125304,11.607766837551136,54.61172916828549,46.05863682235473
s2,4.6758922219276915,14.577145412613323,66.7760326251153,95.97919724816241,74.71134438317883