name,m1,m2,m3,m4,m5
s1,32.62024223083551,42.570416821814675,88.9041903220671,69.52541289077155,41.02196517207369
s2,27.115979752931786,98.311975607795,23.430606351462902,62.85379559320218,85.65300892113872