name,m1,m2,m3,m4,m5
s1,85.94758782551936,69.86190973742995,20.41221044369792,22.606652975161445,2.4434034320795606
s2,16.420418650959036,91.17978479911473,19.107799072292085,29.277695169797024,15.04705413021824